BEGIN;
INSERT INTO "Show" (id,"organizerId",name,slug,description,category,status,"isPromoted","createdAt","updatedAt") VALUES ('9399bc10-a036-464e-b313-fcd5ec955731','cmppmvw7q000tct1erm6jf0tb','Rocková noc – Horkýže Slíže','rock-noc-horkyze-slize','Legendárna slovenská kapela rozpáli klub energickou show plnou hitov.','Koncerty','PUBLISHED',false,now(),now());
INSERT INTO "Termin" (id,"showId","venueId","startsAt","endsAt",timezone,status,visible,capacity,mode,"createdAt","updatedAt") VALUES ('92c8c355-1794-48b8-a2d5-2c11ae925cae','9399bc10-a036-464e-b313-fcd5ec955731','cmpsku8lq0001x5hikdejgx2s',now() + interval '17 days',now() + interval '17 days' + interval '3 hours','Europe/Bratislava','ON_SALE',true,600,'GENERAL',now(),now());
INSERT INTO "TicketType" (id,"terminId",name,price,currency,"totalQuantity","maxPerOrder","saleStartsAt","saleEndsAt","sortOrder","isActive","qrPaymentEnabled","createdAt","updatedAt") VALUES ('5a309a7d-0f74-454c-9e2c-7a8870a3ec52','92c8c355-1794-48b8-a2d5-2c11ae925cae','Štandard',19,'EUR',400,10,now(),now() + interval '16 days',0,true,false,now(),now());
INSERT INTO "TicketType" (id,"terminId",name,price,currency,"totalQuantity","maxPerOrder","saleStartsAt","saleEndsAt","sortOrder","isActive","qrPaymentEnabled","createdAt","updatedAt") VALUES ('db136b7b-9fb9-4f99-a914-1d21e57d3af6','92c8c355-1794-48b8-a2d5-2c11ae925cae','VIP',35,'EUR',80,10,now(),now() + interval '16 days',1,true,false,now(),now());
INSERT INTO "ShowImage" (id,"showId",url,"thumbUrl","squareUrl","isCover","sortOrder","createdAt","updatedAt") VALUES ('43e6c5dd-1595-44c0-a8b9-ba93806a1343','9399bc10-a036-464e-b313-fcd5ec955731','/v1/uploads/images/squares/demo-rock-noc-horkyze-slize.jpg','/v1/uploads/images/squares/demo-rock-noc-horkyze-slize.jpg','/v1/uploads/images/squares/demo-rock-noc-horkyze-slize.jpg',true,0,now(),now());
INSERT INTO "Show" (id,"organizerId",name,slug,description,category,status,"isPromoted","createdAt","updatedAt") VALUES ('75dca599-6930-4686-b9e5-687609613218','cmppmvw7q000tct1erm6jf0tb','Symfonický orchester: Filmová hudba','symfonicky-orchester-filmova-hudba','Veľký orchester zahrá najkrajšie filmové soundtracky pod taktovkou dirigenta.','Koncerty','PUBLISHED',false,now(),now());
INSERT INTO "Termin" (id,"showId","venueId","startsAt","endsAt",timezone,status,visible,capacity,mode,"createdAt","updatedAt") VALUES ('5168fa47-f3a0-4b5f-94e6-25158b61e0fe','75dca599-6930-4686-b9e5-687609613218','cmpsl7v82001t899akncvokki',now() + interval '34 days',now() + interval '34 days' + interval '3 hours','Europe/Bratislava','ON_SALE',true,900,'GENERAL',now(),now());
INSERT INTO "TicketType" (id,"terminId",name,price,currency,"totalQuantity","maxPerOrder","saleStartsAt","saleEndsAt","sortOrder","isActive","qrPaymentEnabled","createdAt","updatedAt") VALUES ('a88424a7-cf4b-4844-8523-76344473979d','5168fa47-f3a0-4b5f-94e6-25158b61e0fe','Štandard',22,'EUR',700,10,now(),now() + interval '33 days',0,true,false,now(),now());
INSERT INTO "TicketType" (id,"terminId",name,price,currency,"totalQuantity","maxPerOrder","saleStartsAt","saleEndsAt","sortOrder","isActive","qrPaymentEnabled","createdAt","updatedAt") VALUES ('ae4bd98a-69e1-4da9-bca6-d1ffa8e22c5e','5168fa47-f3a0-4b5f-94e6-25158b61e0fe','Balkón VIP',35,'EUR',120,10,now(),now() + interval '33 days',1,true,false,now(),now());
INSERT INTO "ShowImage" (id,"showId",url,"thumbUrl","squareUrl","isCover","sortOrder","createdAt","updatedAt") VALUES ('f988d077-e329-4008-8e6a-3b93808c51ab','75dca599-6930-4686-b9e5-687609613218','/v1/uploads/images/squares/demo-symfonicky-orchester-filmova-hudba.jpg','/v1/uploads/images/squares/demo-symfonicky-orchester-filmova-hudba.jpg','/v1/uploads/images/squares/demo-symfonicky-orchester-filmova-hudba.jpg',true,0,now(),now());
INSERT INTO "Show" (id,"organizerId",name,slug,description,category,status,"isPromoted","createdAt","updatedAt") VALUES ('3c3902a3-e862-4821-a844-7985e230fad6','cmppmvw7q000tct1erm6jf0tb','Jazz Club Live','jazz-club-live','Intímny večer so špičkovými jazzovými muzikantmi a improvizáciou naživo.','Koncerty','PUBLISHED',false,now(),now());
INSERT INTO "Termin" (id,"showId","venueId","startsAt","endsAt",timezone,status,visible,capacity,mode,"createdAt","updatedAt") VALUES ('3fe29166-8d4b-43ba-8057-5130a24cbf7e','3c3902a3-e862-4821-a844-7985e230fad6','cmpsku8lq0001x5hikdejgx2s',now() + interval '10 days',now() + interval '10 days' + interval '3 hours','Europe/Bratislava','ON_SALE',true,180,'GENERAL',now(),now());
INSERT INTO "TicketType" (id,"terminId",name,price,currency,"totalQuantity","maxPerOrder","saleStartsAt","saleEndsAt","sortOrder","isActive","qrPaymentEnabled","createdAt","updatedAt") VALUES ('fe69b43d-e38c-43d7-bdf2-35185c9fc1bd','3fe29166-8d4b-43ba-8057-5130a24cbf7e','Vstupenka',18,'EUR',180,10,now(),now() + interval '9 days',0,true,false,now(),now());
INSERT INTO "ShowImage" (id,"showId",url,"thumbUrl","squareUrl","isCover","sortOrder","createdAt","updatedAt") VALUES ('524c6d9d-692a-4639-ab3a-c57320573be5','3c3902a3-e862-4821-a844-7985e230fad6','/v1/uploads/images/squares/demo-jazz-club-live.jpg','/v1/uploads/images/squares/demo-jazz-club-live.jpg','/v1/uploads/images/squares/demo-jazz-club-live.jpg',true,0,now(),now());
INSERT INTO "Show" (id,"organizerId",name,slug,description,category,status,"isPromoted","createdAt","updatedAt") VALUES ('0d1617a1-d954-41d4-beff-ef6fbb948120','cmppmvw7q000tct1erm6jf0tb','DJ Night: Electronic Vibes','dj-night-electronic-vibes','Noc plná elektronickej hudby s poprednými DJ-mi a svetelnou show.','Koncerty','PUBLISHED',false,now(),now());
INSERT INTO "Termin" (id,"showId","venueId","startsAt","endsAt",timezone,status,visible,capacity,mode,"createdAt","updatedAt") VALUES ('0aa088fb-f27f-474d-9bc8-e8ebf9fad089','0d1617a1-d954-41d4-beff-ef6fbb948120','cmpsku8lq0001x5hikdejgx2s',now() + interval '23 days',now() + interval '23 days' + interval '3 hours','Europe/Bratislava','ON_SALE',true,500,'GENERAL',now(),now());
INSERT INTO "TicketType" (id,"terminId",name,price,currency,"totalQuantity","maxPerOrder","saleStartsAt","saleEndsAt","sortOrder","isActive","qrPaymentEnabled","createdAt","updatedAt") VALUES ('e4c6e0fe-9916-4f17-bf1f-204e50628230','0aa088fb-f27f-474d-9bc8-e8ebf9fad089','Štandard',15,'EUR',400,10,now(),now() + interval '22 days',0,true,false,now(),now());
INSERT INTO "TicketType" (id,"terminId",name,price,currency,"totalQuantity","maxPerOrder","saleStartsAt","saleEndsAt","sortOrder","isActive","qrPaymentEnabled","createdAt","updatedAt") VALUES ('29db52e9-4bde-473f-8cde-fb61993f7c1f','0aa088fb-f27f-474d-9bc8-e8ebf9fad089','VIP pri bare',25,'EUR',100,10,now(),now() + interval '22 days',1,true,false,now(),now());
INSERT INTO "ShowImage" (id,"showId",url,"thumbUrl","squareUrl","isCover","sortOrder","createdAt","updatedAt") VALUES ('9222da80-d5aa-4387-aff9-b8a6162891c5','0d1617a1-d954-41d4-beff-ef6fbb948120','/v1/uploads/images/squares/demo-dj-night-electronic-vibes.jpg','/v1/uploads/images/squares/demo-dj-night-electronic-vibes.jpg','/v1/uploads/images/squares/demo-dj-night-electronic-vibes.jpg',true,0,now(),now());
INSERT INTO "Show" (id,"organizerId",name,slug,description,category,status,"isPromoted","createdAt","updatedAt") VALUES ('2b1464bd-a3f9-4e46-99a2-af15b949a3bc','cmppmvw7q000tct1erm6jf0tb','Detský koncert – Spievankovo','detsky-koncert-spievankovo','Obľúbené detské pesničky naživo – zábavné popoludnie pre celú rodinu.','Koncerty','PUBLISHED',false,now(),now());
INSERT INTO "Termin" (id,"showId","venueId","startsAt","endsAt",timezone,status,visible,capacity,mode,"createdAt","updatedAt") VALUES ('e449af05-d9fe-453c-8b93-507b8c6b9cf4','2b1464bd-a3f9-4e46-99a2-af15b949a3bc','cmpsl7v82001t899akncvokki',now() + interval '45 days',now() + interval '45 days' + interval '3 hours','Europe/Bratislava','ON_SALE',true,700,'GENERAL',now(),now());
INSERT INTO "TicketType" (id,"terminId",name,price,currency,"totalQuantity","maxPerOrder","saleStartsAt","saleEndsAt","sortOrder","isActive","qrPaymentEnabled","createdAt","updatedAt") VALUES ('a9366d70-09d6-44c3-a18e-6b3d7b11ecb0','e449af05-d9fe-453c-8b93-507b8c6b9cf4','Dieťa',12,'EUR',400,10,now(),now() + interval '44 days',0,true,false,now(),now());
INSERT INTO "TicketType" (id,"terminId",name,price,currency,"totalQuantity","maxPerOrder","saleStartsAt","saleEndsAt","sortOrder","isActive","qrPaymentEnabled","createdAt","updatedAt") VALUES ('27ae2e50-b731-428f-87fa-a6f05cd0ebae','e449af05-d9fe-453c-8b93-507b8c6b9cf4','Rodinný (2+2)',39,'EUR',150,10,now(),now() + interval '44 days',1,true,false,now(),now());
INSERT INTO "ShowImage" (id,"showId",url,"thumbUrl","squareUrl","isCover","sortOrder","createdAt","updatedAt") VALUES ('f521b379-c5aa-438c-b33c-bd6f1c98ca59','2b1464bd-a3f9-4e46-99a2-af15b949a3bc','/v1/uploads/images/squares/demo-detsky-koncert-spievankovo.jpg','/v1/uploads/images/squares/demo-detsky-koncert-spievankovo.jpg','/v1/uploads/images/squares/demo-detsky-koncert-spievankovo.jpg',true,0,now(),now());
INSERT INTO "Show" (id,"organizerId",name,slug,description,category,status,"isPromoted","createdAt","updatedAt") VALUES ('8923615d-d207-48ad-afcb-456c4a1f3f62','cmppmvw7q000tct1erm6jf0tb','Hokej: Slovan vs. Košice','hokej-slovan-kosice','Prestížny extraligový zápas dvoch najväčších rivalov slovenského hokeja.','Šport','PUBLISHED',false,now(),now());
INSERT INTO "Termin" (id,"showId","venueId","startsAt","endsAt",timezone,status,visible,capacity,mode,"createdAt","updatedAt") VALUES ('0207be3a-5dcd-4c05-a462-5f1ee1f25f1a','8923615d-d207-48ad-afcb-456c4a1f3f62','cmpsl7t75000h899au1hea46r',now() + interval '14 days',now() + interval '14 days' + interval '3 hours','Europe/Bratislava','ON_SALE',true,2000,'GENERAL',now(),now());
INSERT INTO "TicketType" (id,"terminId",name,price,currency,"totalQuantity","maxPerOrder","saleStartsAt","saleEndsAt","sortOrder","isActive","qrPaymentEnabled","createdAt","updatedAt") VALUES ('8e8c1c7b-1dcf-4bf6-b022-ad1b48300b1b','0207be3a-5dcd-4c05-a462-5f1ee1f25f1a','Tribúna',15,'EUR',1600,10,now(),now() + interval '13 days',0,true,false,now(),now());
INSERT INTO "TicketType" (id,"terminId",name,price,currency,"totalQuantity","maxPerOrder","saleStartsAt","saleEndsAt","sortOrder","isActive","qrPaymentEnabled","createdAt","updatedAt") VALUES ('3b441dac-7899-4d91-8beb-207c336a89e9','0207be3a-5dcd-4c05-a462-5f1ee1f25f1a','VIP',25,'EUR',200,10,now(),now() + interval '13 days',1,true,false,now(),now());
INSERT INTO "ShowImage" (id,"showId",url,"thumbUrl","squareUrl","isCover","sortOrder","createdAt","updatedAt") VALUES ('380f88ce-f1bb-4f70-915e-98213e547897','8923615d-d207-48ad-afcb-456c4a1f3f62','/v1/uploads/images/squares/demo-hokej-slovan-kosice.jpg','/v1/uploads/images/squares/demo-hokej-slovan-kosice.jpg','/v1/uploads/images/squares/demo-hokej-slovan-kosice.jpg',true,0,now(),now());
INSERT INTO "Show" (id,"organizerId",name,slug,description,category,status,"isPromoted","createdAt","updatedAt") VALUES ('7f0643b5-27a4-4fcd-9b01-f104bf6978ac','cmppmvw7q000tct1erm6jf0tb','Basketbal – Final Four','basketbal-final-four','Vyvrcholenie basketbalovej sezóny – štyri najlepšie tímy v boji o titul.','Šport','PUBLISHED',false,now(),now());
INSERT INTO "Termin" (id,"showId","venueId","startsAt","endsAt",timezone,status,visible,capacity,mode,"createdAt","updatedAt") VALUES ('3faffb97-88bf-4d2c-bc48-8f1d4060a5df','7f0643b5-27a4-4fcd-9b01-f104bf6978ac','cmpsl7t75000h899au1hea46r',now() + interval '28 days',now() + interval '28 days' + interval '3 hours','Europe/Bratislava','ON_SALE',true,1800,'GENERAL',now(),now());
INSERT INTO "TicketType" (id,"terminId",name,price,currency,"totalQuantity","maxPerOrder","saleStartsAt","saleEndsAt","sortOrder","isActive","qrPaymentEnabled","createdAt","updatedAt") VALUES ('e355d80f-aa63-4c09-92a3-02bc916b5652','3faffb97-88bf-4d2c-bc48-8f1d4060a5df','Štandard',12,'EUR',1500,10,now(),now() + interval '27 days',0,true,false,now(),now());
INSERT INTO "TicketType" (id,"terminId",name,price,currency,"totalQuantity","maxPerOrder","saleStartsAt","saleEndsAt","sortOrder","isActive","qrPaymentEnabled","createdAt","updatedAt") VALUES ('53df7ee4-0b0b-4942-a1f7-a93b9434188c','3faffb97-88bf-4d2c-bc48-8f1d4060a5df','Parket VIP',20,'EUR',150,10,now(),now() + interval '27 days',1,true,false,now(),now());
INSERT INTO "ShowImage" (id,"showId",url,"thumbUrl","squareUrl","isCover","sortOrder","createdAt","updatedAt") VALUES ('6d11fa0a-ce14-461f-a103-533ba5001364','7f0643b5-27a4-4fcd-9b01-f104bf6978ac','/v1/uploads/images/squares/demo-basketbal-final-four.jpg','/v1/uploads/images/squares/demo-basketbal-final-four.jpg','/v1/uploads/images/squares/demo-basketbal-final-four.jpg',true,0,now(),now());
INSERT INTO "Show" (id,"organizerId",name,slug,description,category,status,"isPromoted","createdAt","updatedAt") VALUES ('eca08461-6d25-4cf5-a72e-9b2ec571cb15','cmppmvw7q000tct1erm6jf0tb','Mestský maratón Bratislava','mestsky-maraton-bratislava','Bež srdcom mesta – klasický maratón, polmaratón aj rodinný beh.','Šport','PUBLISHED',false,now(),now());
INSERT INTO "Termin" (id,"showId","venueId","startsAt","endsAt",timezone,status,visible,capacity,mode,"createdAt","updatedAt") VALUES ('d37a215f-155f-4046-838e-b29e2ee4f4a0','eca08461-6d25-4cf5-a72e-9b2ec571cb15','cmpsl7t75000h899au1hea46r',now() + interval '60 days',now() + interval '60 days' + interval '3 hours','Europe/Bratislava','ON_SALE',true,3000,'GENERAL',now(),now());
INSERT INTO "TicketType" (id,"terminId",name,price,currency,"totalQuantity","maxPerOrder","saleStartsAt","saleEndsAt","sortOrder","isActive","qrPaymentEnabled","createdAt","updatedAt") VALUES ('11f0e63c-5af9-4357-88ac-a2d8e6eade4c','d37a215f-155f-4046-838e-b29e2ee4f4a0','Registrácia',20,'EUR',3000,10,now(),now() + interval '59 days',0,true,false,now(),now());
INSERT INTO "ShowImage" (id,"showId",url,"thumbUrl","squareUrl","isCover","sortOrder","createdAt","updatedAt") VALUES ('5a209f6c-71f9-4ffd-a11e-a155a42772b2','eca08461-6d25-4cf5-a72e-9b2ec571cb15','/v1/uploads/images/squares/demo-mestsky-maraton-bratislava.jpg','/v1/uploads/images/squares/demo-mestsky-maraton-bratislava.jpg','/v1/uploads/images/squares/demo-mestsky-maraton-bratislava.jpg',true,0,now(),now());
INSERT INTO "Show" (id,"organizerId",name,slug,description,category,status,"isPromoted","createdAt","updatedAt") VALUES ('0536026f-3d37-4959-9ae2-64b879e5a544','cmppmvw7q000tct1erm6jf0tb','Box Gala Night','box-gala-night','Galavečer profesionálneho boxu s domácimi aj zahraničnými zápasmi.','Šport','PUBLISHED',false,now(),now());
INSERT INTO "Termin" (id,"showId","venueId","startsAt","endsAt",timezone,status,visible,capacity,mode,"createdAt","updatedAt") VALUES ('ff90f524-a112-4721-9197-a5d2aba2c2d2','0536026f-3d37-4959-9ae2-64b879e5a544','cmpsl7upz001f899aspqqd8iw',now() + interval '40 days',now() + interval '40 days' + interval '3 hours','Europe/Bratislava','ON_SALE',true,1200,'GENERAL',now(),now());
INSERT INTO "TicketType" (id,"terminId",name,price,currency,"totalQuantity","maxPerOrder","saleStartsAt","saleEndsAt","sortOrder","isActive","qrPaymentEnabled","createdAt","updatedAt") VALUES ('81d2540c-c4a0-4513-b666-592dcc38064f','ff90f524-a112-4721-9197-a5d2aba2c2d2','Štandard',18,'EUR',1000,10,now(),now() + interval '39 days',0,true,false,now(),now());
INSERT INTO "TicketType" (id,"terminId",name,price,currency,"totalQuantity","maxPerOrder","saleStartsAt","saleEndsAt","sortOrder","isActive","qrPaymentEnabled","createdAt","updatedAt") VALUES ('9f9ae2b7-d413-400a-98a5-d27ebfd86047','ff90f524-a112-4721-9197-a5d2aba2c2d2','Ring side VIP',25,'EUR',120,10,now(),now() + interval '39 days',1,true,false,now(),now());
INSERT INTO "ShowImage" (id,"showId",url,"thumbUrl","squareUrl","isCover","sortOrder","createdAt","updatedAt") VALUES ('8b6f2362-57f1-41f3-b1a1-628c3269bcbb','0536026f-3d37-4959-9ae2-64b879e5a544','/v1/uploads/images/squares/demo-box-gala-night.jpg','/v1/uploads/images/squares/demo-box-gala-night.jpg','/v1/uploads/images/squares/demo-box-gala-night.jpg',true,0,now(),now());
INSERT INTO "Show" (id,"organizerId",name,slug,description,category,status,"isPromoted","createdAt","updatedAt") VALUES ('409a4990-5c73-40a7-9f6a-160a57a81de5','cmppmvw7q000tct1erm6jf0tb','Rómeo a Júlia','romeo-a-julia','Nesmrteľná Shakespearova tragédia lásky v modernom naštudovaní.','Divadlo','PUBLISHED',false,now(),now());
INSERT INTO "Termin" (id,"showId","venueId","startsAt","endsAt",timezone,status,visible,capacity,mode,"createdAt","updatedAt") VALUES ('a929eaf7-f7e9-42bd-868c-a439204b02b8','409a4990-5c73-40a7-9f6a-160a57a81de5','cmpsl7s9g0001899as1vuvcy1',now() + interval '21 days',now() + interval '21 days' + interval '3 hours','Europe/Bratislava','ON_SALE',true,500,'GENERAL',now(),now());
INSERT INTO "TicketType" (id,"terminId",name,price,currency,"totalQuantity","maxPerOrder","saleStartsAt","saleEndsAt","sortOrder","isActive","qrPaymentEnabled","createdAt","updatedAt") VALUES ('2eaaa402-2148-4e1d-8cc9-972cbfb4ca4d','a929eaf7-f7e9-42bd-868c-a439204b02b8','Prízemie',16,'EUR',350,10,now(),now() + interval '20 days',0,true,false,now(),now());
INSERT INTO "TicketType" (id,"terminId",name,price,currency,"totalQuantity","maxPerOrder","saleStartsAt","saleEndsAt","sortOrder","isActive","qrPaymentEnabled","createdAt","updatedAt") VALUES ('d407f48f-549f-4561-aac6-702de7286984','a929eaf7-f7e9-42bd-868c-a439204b02b8','Balkón',24,'EUR',150,10,now(),now() + interval '20 days',1,true,false,now(),now());
INSERT INTO "ShowImage" (id,"showId",url,"thumbUrl","squareUrl","isCover","sortOrder","createdAt","updatedAt") VALUES ('d83f97d1-28a5-4cb6-834c-180792ea131d','409a4990-5c73-40a7-9f6a-160a57a81de5','/v1/uploads/images/squares/demo-romeo-a-julia.jpg','/v1/uploads/images/squares/demo-romeo-a-julia.jpg','/v1/uploads/images/squares/demo-romeo-a-julia.jpg',true,0,now(),now());
INSERT INTO "Show" (id,"organizerId",name,slug,description,category,status,"isPromoted","createdAt","updatedAt") VALUES ('d0c2e7d2-4c72-46c5-a844-e56153cbb4ee','cmppmvw7q000tct1erm6jf0tb','Muzikál: Fantóm opery','muzikal-fantom-opery','Svetoznámy muzikál plný veľkolepej hudby, kostýmov a emócií.','Divadlo','PUBLISHED',false,now(),now());
INSERT INTO "Termin" (id,"showId","venueId","startsAt","endsAt",timezone,status,visible,capacity,mode,"createdAt","updatedAt") VALUES ('d7cc9bc3-8c6d-4bd3-9d45-e1e874e684d0','d0c2e7d2-4c72-46c5-a844-e56153cbb4ee','cmpsl7vvx0029899a62bgjfxs',now() + interval '38 days',now() + interval '38 days' + interval '3 hours','Europe/Bratislava','ON_SALE',true,600,'GENERAL',now(),now());
INSERT INTO "TicketType" (id,"terminId",name,price,currency,"totalQuantity","maxPerOrder","saleStartsAt","saleEndsAt","sortOrder","isActive","qrPaymentEnabled","createdAt","updatedAt") VALUES ('41bb1594-b26b-4996-bbf9-65b4d80c38dd','d7cc9bc3-8c6d-4bd3-9d45-e1e874e684d0','Štandard',22,'EUR',450,10,now(),now() + interval '37 days',0,true,false,now(),now());
INSERT INTO "TicketType" (id,"terminId",name,price,currency,"totalQuantity","maxPerOrder","saleStartsAt","saleEndsAt","sortOrder","isActive","qrPaymentEnabled","createdAt","updatedAt") VALUES ('e9c40a73-a427-47b2-8ac5-ab014ed26289','d7cc9bc3-8c6d-4bd3-9d45-e1e874e684d0','Premiéra VIP',28,'EUR',150,10,now(),now() + interval '37 days',1,true,false,now(),now());
INSERT INTO "ShowImage" (id,"showId",url,"thumbUrl","squareUrl","isCover","sortOrder","createdAt","updatedAt") VALUES ('33bdac28-dc52-483a-8db1-fe553907fc4d','d0c2e7d2-4c72-46c5-a844-e56153cbb4ee','/v1/uploads/images/squares/demo-muzikal-fantom-opery.jpg','/v1/uploads/images/squares/demo-muzikal-fantom-opery.jpg','/v1/uploads/images/squares/demo-muzikal-fantom-opery.jpg',true,0,now(),now());
INSERT INTO "Show" (id,"organizerId",name,slug,description,category,status,"isPromoted","createdAt","updatedAt") VALUES ('da7f13ef-1ace-4da2-8e99-49686f2e9cc0','cmppmvw7q000tct1erm6jf0tb','Detské divadlo: Janko Hraško','detske-divadlo-janko-hrasko','Klasická rozprávka pre najmenších v bábkovom prevedení.','Divadlo','PUBLISHED',false,now(),now());
INSERT INTO "Termin" (id,"showId","venueId","startsAt","endsAt",timezone,status,visible,capacity,mode,"createdAt","updatedAt") VALUES ('c5581ea5-8ab2-4fe6-bdaa-bcb826f13c10','da7f13ef-1ace-4da2-8e99-49686f2e9cc0','cmpsl7vvx0029899a62bgjfxs',now() + interval '50 days',now() + interval '50 days' + interval '3 hours','Europe/Bratislava','ON_SALE',true,300,'GENERAL',now(),now());
INSERT INTO "TicketType" (id,"terminId",name,price,currency,"totalQuantity","maxPerOrder","saleStartsAt","saleEndsAt","sortOrder","isActive","qrPaymentEnabled","createdAt","updatedAt") VALUES ('394e91d4-0fe0-4fb9-ae8f-116a11012f3d','c5581ea5-8ab2-4fe6-bdaa-bcb826f13c10','Vstupenka',12,'EUR',300,10,now(),now() + interval '49 days',0,true,false,now(),now());
INSERT INTO "ShowImage" (id,"showId",url,"thumbUrl","squareUrl","isCover","sortOrder","createdAt","updatedAt") VALUES ('5014dcac-7ac4-4391-acef-ff8449639ba4','da7f13ef-1ace-4da2-8e99-49686f2e9cc0','/v1/uploads/images/squares/demo-detske-divadlo-janko-hrasko.jpg','/v1/uploads/images/squares/demo-detske-divadlo-janko-hrasko.jpg','/v1/uploads/images/squares/demo-detske-divadlo-janko-hrasko.jpg',true,0,now(),now());
INSERT INTO "Show" (id,"organizerId",name,slug,description,category,status,"isPromoted","createdAt","updatedAt") VALUES ('f48f8f5b-4b1c-4eab-8be5-cf0e1d02ef60','cmppmvw7q000tct1erm6jf0tb','Komédia: Testosterón','komedia-testosteron','Vtipná hra o mužoch, ženách a nedorozumeniach – zaručený smiech.','Divadlo','PUBLISHED',false,now(),now());
INSERT INTO "Termin" (id,"showId","venueId","startsAt","endsAt",timezone,status,visible,capacity,mode,"createdAt","updatedAt") VALUES ('bdc829b7-c942-4205-8486-4d8171243784','f48f8f5b-4b1c-4eab-8be5-cf0e1d02ef60','cmpsl7vvx0029899a62bgjfxs',now() + interval '26 days',now() + interval '26 days' + interval '3 hours','Europe/Bratislava','ON_SALE',true,450,'GENERAL',now(),now());
INSERT INTO "TicketType" (id,"terminId",name,price,currency,"totalQuantity","maxPerOrder","saleStartsAt","saleEndsAt","sortOrder","isActive","qrPaymentEnabled","createdAt","updatedAt") VALUES ('6877d8aa-8d7a-4104-858e-bb4e5007bdbf','bdc829b7-c942-4205-8486-4d8171243784','Štandard',18,'EUR',350,10,now(),now() + interval '25 days',0,true,false,now(),now());
INSERT INTO "TicketType" (id,"terminId",name,price,currency,"totalQuantity","maxPerOrder","saleStartsAt","saleEndsAt","sortOrder","isActive","qrPaymentEnabled","createdAt","updatedAt") VALUES ('30323f73-92b7-4f9d-8a80-e3ebd16f0bff','bdc829b7-c942-4205-8486-4d8171243784','VIP rad',24,'EUR',100,10,now(),now() + interval '25 days',1,true,false,now(),now());
INSERT INTO "ShowImage" (id,"showId",url,"thumbUrl","squareUrl","isCover","sortOrder","createdAt","updatedAt") VALUES ('d67ba93c-c966-4273-adf4-4f954129f19a','f48f8f5b-4b1c-4eab-8be5-cf0e1d02ef60','/v1/uploads/images/squares/demo-komedia-testosteron.jpg','/v1/uploads/images/squares/demo-komedia-testosteron.jpg','/v1/uploads/images/squares/demo-komedia-testosteron.jpg',true,0,now(),now());
INSERT INTO "Show" (id,"organizerId",name,slug,description,category,status,"isPromoted","createdAt","updatedAt") VALUES ('87a3cab0-89ab-46b0-88f0-bf93c6a656e4','cmppmvw7q000tct1erm6jf0tb','Letný festival Grape','letny-festival-grape','Najväčší letný open-air festival – desiatky kapiel na viacerých pódiách.','Festivaly','PUBLISHED',false,now(),now());
INSERT INTO "Termin" (id,"showId","venueId","startsAt","endsAt",timezone,status,visible,capacity,mode,"createdAt","updatedAt") VALUES ('5d420524-0605-4c8a-8c2e-ea81c0d58fd1','87a3cab0-89ab-46b0-88f0-bf93c6a656e4','cmpsl7ttl000z899a2x4enmew',now() + interval '90 days',now() + interval '90 days' + interval '3 hours','Europe/Bratislava','ON_SALE',true,5000,'GENERAL',now(),now());
INSERT INTO "TicketType" (id,"terminId",name,price,currency,"totalQuantity","maxPerOrder","saleStartsAt","saleEndsAt","sortOrder","isActive","qrPaymentEnabled","createdAt","updatedAt") VALUES ('7d63cf6c-31a4-4cb9-8de1-e2da5a7fbf05','5d420524-0605-4c8a-8c2e-ea81c0d58fd1','1-dňový',39,'EUR',4000,10,now(),now() + interval '89 days',0,true,false,now(),now());
INSERT INTO "TicketType" (id,"terminId",name,price,currency,"totalQuantity","maxPerOrder","saleStartsAt","saleEndsAt","sortOrder","isActive","qrPaymentEnabled","createdAt","updatedAt") VALUES ('f3f94d2e-ee88-4edb-9015-eed8c0a4ae90','5d420524-0605-4c8a-8c2e-ea81c0d58fd1','Permanentka',65,'EUR',1000,10,now(),now() + interval '89 days',1,true,false,now(),now());
INSERT INTO "ShowImage" (id,"showId",url,"thumbUrl","squareUrl","isCover","sortOrder","createdAt","updatedAt") VALUES ('5744c755-57ab-4fb8-8e8a-5d6c25e0ed12','87a3cab0-89ab-46b0-88f0-bf93c6a656e4','/v1/uploads/images/squares/demo-letny-festival-grape.jpg','/v1/uploads/images/squares/demo-letny-festival-grape.jpg','/v1/uploads/images/squares/demo-letny-festival-grape.jpg',true,0,now(),now());
INSERT INTO "Show" (id,"organizerId",name,slug,description,category,status,"isPromoted","createdAt","updatedAt") VALUES ('4432d5e8-36cf-4540-a019-36b70d05df95','cmppmvw7q000tct1erm6jf0tb','Food Truck Festival','food-truck-festival','Gastro sviatok pod holým nebom – street food z celého sveta a hudba.','Festivaly','PUBLISHED',false,now(),now());
INSERT INTO "Termin" (id,"showId","venueId","startsAt","endsAt",timezone,status,visible,capacity,mode,"createdAt","updatedAt") VALUES ('52b1f028-2e2b-474d-ad71-3730a9b578a6','4432d5e8-36cf-4540-a019-36b70d05df95','cmpsl7ttl000z899a2x4enmew',now() + interval '55 days',now() + interval '55 days' + interval '3 hours','Europe/Bratislava','ON_SALE',true,2500,'GENERAL',now(),now());
INSERT INTO "TicketType" (id,"terminId",name,price,currency,"totalQuantity","maxPerOrder","saleStartsAt","saleEndsAt","sortOrder","isActive","qrPaymentEnabled","createdAt","updatedAt") VALUES ('efb58f58-e925-4216-9d8a-65a91ff510a8','52b1f028-2e2b-474d-ad71-3730a9b578a6','Vstupenka',25,'EUR',2500,10,now(),now() + interval '54 days',0,true,false,now(),now());
INSERT INTO "ShowImage" (id,"showId",url,"thumbUrl","squareUrl","isCover","sortOrder","createdAt","updatedAt") VALUES ('fe26af4f-a401-4a81-a1b5-c31275a2dbbd','4432d5e8-36cf-4540-a019-36b70d05df95','/v1/uploads/images/squares/demo-food-truck-festival.jpg','/v1/uploads/images/squares/demo-food-truck-festival.jpg','/v1/uploads/images/squares/demo-food-truck-festival.jpg',true,0,now(),now());
INSERT INTO "Show" (id,"organizerId",name,slug,description,category,status,"isPromoted","createdAt","updatedAt") VALUES ('f561a0b1-180a-42bd-a90e-034cbc24b255','cmppmvw7q000tct1erm6jf0tb','Filmový festival pod hviezdami','filmovy-festival-pod-hviezdami','Letné kino pod otvorenou oblohou – tie najlepšie filmy pod hviezdami.','Festivaly','PUBLISHED',false,now(),now());
INSERT INTO "Termin" (id,"showId","venueId","startsAt","endsAt",timezone,status,visible,capacity,mode,"createdAt","updatedAt") VALUES ('b3655cf3-708d-4e68-b557-328d20a29de0','f561a0b1-180a-42bd-a90e-034cbc24b255','cmpsl7ttl000z899a2x4enmew',now() + interval '70 days',now() + interval '70 days' + interval '3 hours','Europe/Bratislava','ON_SALE',true,1500,'GENERAL',now(),now());
INSERT INTO "TicketType" (id,"terminId",name,price,currency,"totalQuantity","maxPerOrder","saleStartsAt","saleEndsAt","sortOrder","isActive","qrPaymentEnabled","createdAt","updatedAt") VALUES ('2e089f01-aae7-4d90-b97d-8e8d62d71f26','b3655cf3-708d-4e68-b557-328d20a29de0','Vstupenka',25,'EUR',1500,10,now(),now() + interval '69 days',0,true,false,now(),now());
INSERT INTO "ShowImage" (id,"showId",url,"thumbUrl","squareUrl","isCover","sortOrder","createdAt","updatedAt") VALUES ('19f1d29a-898e-4d6f-b1b1-f5875c035369','f561a0b1-180a-42bd-a90e-034cbc24b255','/v1/uploads/images/squares/demo-filmovy-festival-pod-hviezdami.jpg','/v1/uploads/images/squares/demo-filmovy-festival-pod-hviezdami.jpg','/v1/uploads/images/squares/demo-filmovy-festival-pod-hviezdami.jpg',true,0,now(),now());
INSERT INTO "Show" (id,"organizerId",name,slug,description,category,status,"isPromoted","createdAt","updatedAt") VALUES ('413ebbb9-28c5-4593-9216-26ca5dc3f5c1','cmppmvw7q000tct1erm6jf0tb','Startup Summit 2026','startup-summit-2026','Najväčšie stretnutie startupov, investorov a inovátorov na Slovensku.','Konferencie','PUBLISHED',false,now(),now());
INSERT INTO "Termin" (id,"showId","venueId","startsAt","endsAt",timezone,status,visible,capacity,mode,"createdAt","updatedAt") VALUES ('8655ef7e-db73-4716-967a-2e3e99a73e78','413ebbb9-28c5-4593-9216-26ca5dc3f5c1','cmpsl7upz001f899aspqqd8iw',now() + interval '48 days',now() + interval '48 days' + interval '3 hours','Europe/Bratislava','ON_SALE',true,1000,'GENERAL',now(),now());
INSERT INTO "TicketType" (id,"terminId",name,price,currency,"totalQuantity","maxPerOrder","saleStartsAt","saleEndsAt","sortOrder","isActive","qrPaymentEnabled","createdAt","updatedAt") VALUES ('4e8cac41-fc59-4348-ad3f-5d014a4e8a81','8655ef7e-db73-4716-967a-2e3e99a73e78','Early bird',49,'EUR',500,10,now(),now() + interval '47 days',0,true,false,now(),now());
INSERT INTO "TicketType" (id,"terminId",name,price,currency,"totalQuantity","maxPerOrder","saleStartsAt","saleEndsAt","sortOrder","isActive","qrPaymentEnabled","createdAt","updatedAt") VALUES ('02c0b230-46d1-4803-b9d2-633cffa5d646','8655ef7e-db73-4716-967a-2e3e99a73e78','Štandard',89,'EUR',500,10,now(),now() + interval '47 days',1,true,false,now(),now());
INSERT INTO "ShowImage" (id,"showId",url,"thumbUrl","squareUrl","isCover","sortOrder","createdAt","updatedAt") VALUES ('c97fce5b-15c0-4bf1-afa8-9f7ae5f4d715','413ebbb9-28c5-4593-9216-26ca5dc3f5c1','/v1/uploads/images/squares/demo-startup-summit-2026.jpg','/v1/uploads/images/squares/demo-startup-summit-2026.jpg','/v1/uploads/images/squares/demo-startup-summit-2026.jpg',true,0,now(),now());
INSERT INTO "Show" (id,"organizerId",name,slug,description,category,status,"isPromoted","createdAt","updatedAt") VALUES ('71c88cde-9c3b-4426-beba-800e7af27456','cmppmvw7q000tct1erm6jf0tb','Marketing Expo','marketing-expo','Konferencia o modernom marketingu s prednáškami špičkových odborníkov.','Konferencie','PUBLISHED',false,now(),now());
INSERT INTO "Termin" (id,"showId","venueId","startsAt","endsAt",timezone,status,visible,capacity,mode,"createdAt","updatedAt") VALUES ('55744df4-b00a-455f-a41f-5d5180655d4d','71c88cde-9c3b-4426-beba-800e7af27456','cmpsl7upz001f899aspqqd8iw',now() + interval '75 days',now() + interval '75 days' + interval '3 hours','Europe/Bratislava','ON_SALE',true,1200,'GENERAL',now(),now());
INSERT INTO "TicketType" (id,"terminId",name,price,currency,"totalQuantity","maxPerOrder","saleStartsAt","saleEndsAt","sortOrder","isActive","qrPaymentEnabled","createdAt","updatedAt") VALUES ('1b41d396-1347-4978-9db6-0d0c068829a0','55744df4-b00a-455f-a41f-5d5180655d4d','Vstupenka',59,'EUR',1200,10,now(),now() + interval '74 days',0,true,false,now(),now());
INSERT INTO "ShowImage" (id,"showId",url,"thumbUrl","squareUrl","isCover","sortOrder","createdAt","updatedAt") VALUES ('0b9c96c2-ce5f-4091-a5d8-3d62fee08f33','71c88cde-9c3b-4426-beba-800e7af27456','/v1/uploads/images/squares/demo-marketing-expo.jpg','/v1/uploads/images/squares/demo-marketing-expo.jpg','/v1/uploads/images/squares/demo-marketing-expo.jpg',true,0,now(),now());
INSERT INTO "Show" (id,"organizerId",name,slug,description,category,status,"isPromoted","createdAt","updatedAt") VALUES ('96ea9c6b-65db-4895-9ead-a6cffee72a7c','cmppmvw7q000tct1erm6jf0tb','Zdravie & Wellness Konferencia','zdravie-wellness-konferencia','Deň venovaný zdravému životnému štýlu, výžive a duševnej pohode.','Konferencie','PUBLISHED',false,now(),now());
INSERT INTO "Termin" (id,"showId","venueId","startsAt","endsAt",timezone,status,visible,capacity,mode,"createdAt","updatedAt") VALUES ('554e7b1f-cbb2-4da1-8cf9-a12019337976','96ea9c6b-65db-4895-9ead-a6cffee72a7c','cmpsl7upz001f899aspqqd8iw',now() + interval '110 days',now() + interval '110 days' + interval '3 hours','Europe/Bratislava','ON_SALE',true,800,'GENERAL',now(),now());
INSERT INTO "TicketType" (id,"terminId",name,price,currency,"totalQuantity","maxPerOrder","saleStartsAt","saleEndsAt","sortOrder","isActive","qrPaymentEnabled","createdAt","updatedAt") VALUES ('d2151092-b6de-4130-bb52-79e31f3ebfea','554e7b1f-cbb2-4da1-8cf9-a12019337976','Vstupenka',45,'EUR',800,10,now(),now() + interval '109 days',0,true,false,now(),now());
INSERT INTO "ShowImage" (id,"showId",url,"thumbUrl","squareUrl","isCover","sortOrder","createdAt","updatedAt") VALUES ('ecfde069-de0e-46d5-8782-ca5fe4b155b9','96ea9c6b-65db-4895-9ead-a6cffee72a7c','/v1/uploads/images/squares/demo-zdravie-wellness-konferencia.jpg','/v1/uploads/images/squares/demo-zdravie-wellness-konferencia.jpg','/v1/uploads/images/squares/demo-zdravie-wellness-konferencia.jpg',true,0,now(),now());
COMMIT;
